id,title,score,num_comments,author,created_utc,url,over_18,edited,spoiler,stickied
1bhutin,Key Insights from NBA Data Modeling Challenge,53,8,JParkerRogers,2024-03-18 16:23:05,https://www.reddit.com/r/dataengineering/comments/1bhutin/key_insights_from_nba_data_modeling_challenge/,False,False,False,False
1bifhj9,Oâ€™Reilly data engineering reference books on sale! (Includes reference books on pyspark and scaling up pipelines),33,13,truckbot101,2024-03-19 08:37:42,https://www.reddit.com/r/dataengineering/comments/1bifhj9/oreilly_data_engineering_reference_books_on_sale/,False,False,False,False
1bi6dus,Excel files sprinkled across organization with no documentation ,14,14,suitupyo,2024-03-19 00:06:02,https://www.reddit.com/r/dataengineering/comments/1bi6dus/excel_files_sprinkled_across_organization_with_no/,False,False,False,False
1bi5fni,Any data engineers working at a hedge fund? I got a couple job interviews coming and would like some insights.,16,6,Tall-Skin5800,2024-03-18 23:26:21,https://www.reddit.com/r/dataengineering/comments/1bi5fni/any_data_engineers_working_at_a_hedge_fund_i_got/,False,False,False,False
1bhzgyi,Going from DE to SWE,13,27,digging_for_memories,2024-03-18 19:28:46,https://www.reddit.com/r/dataengineering/comments/1bhzgyi/going_from_de_to_swe/,False,False,False,False
1bi195y,Guidance: Snowflake first approach vs AWS first approach data ingestion and export jobs,10,10,Ok_Interaction_5701,2024-03-18 20:39:09,https://www.reddit.com/r/dataengineering/comments/1bi195y/guidance_snowflake_first_approach_vs_aws_first/,False,False,False,False
1bhv9to,Suggestion on etl,10,18,BOOBINDERxKK,2024-03-18 16:41:27,https://www.reddit.com/r/dataengineering/comments/1bhv9to/suggestion_on_etl/,False,False,False,False
1bi1et9,When does query optimization in DBMS happen?,7,9,isk14yo,2024-03-18 20:45:28,https://www.reddit.com/r/dataengineering/comments/1bi1et9/when_does_query_optimization_in_dbms_happen/,False,False,False,False
1bhzg06,Humble Tech Book Bundle: Pipelines and NoSQL by O'Reilly,4,0,serious_frank,2024-03-18 19:27:43,https://www.humblebundle.com/books/pipelines-and-nosql-oreilly-books?hmb_source=&hmb_medium=product_tile&hmb_campaign=mosaic_section_1_layout_index_1_layout_type_threes_tile_index_1_c_pipelinesandnosqloreilly_bookbundle,False,False,False,False
1bigwrv,Event ingestion on GCP terraform template + blog (18x cost saving over Segment),5,0,Thinker_Assignment,2024-03-19 10:20:34,https://www.reddit.com/r/dataengineering/comments/1bigwrv/event_ingestion_on_gcp_terraform_template_blog/,False,False,False,False
1bi83x0,Understanding Dimension and Fact Table References: Seeking Practical Insights,3,5,Kindly-Screen-2557,2024-03-19 01:23:15,https://www.reddit.com/r/dataengineering/comments/1bi83x0/understanding_dimension_and_fact_table_references/,False,False,False,False
1bi4oww,Practical Data Engineering: A Hands-On Real-Estate Project Guide,3,2,sspaeti,2024-03-18 22:55:48,https://github.com/sspaeti-com/practical-data-engineering/,False,False,False,False
1bhwr9o,How are people building a impression and conversion tracking system?,3,9,Suspicious_Dress_350,2024-03-18 17:41:10,https://www.reddit.com/r/dataengineering/comments/1bhwr9o/how_are_people_building_a_impression_and/,False,False,False,False
1bij7z5,Database choices,2,3,necrohobo,2024-03-19 12:38:01,https://www.reddit.com/r/dataengineering/comments/1bij7z5/database_choices/,False,False,False,False
1bige78,dbt vs databricks dot,2,0,Maximum__Gold,2024-03-19 09:45:41,https://www.reddit.com/r/dataengineering/comments/1bige78/dbt_vs_databricks_dot/,False,False,False,False
1bibu4z,Any messy datasets for Pyspark practice?,2,1,SAAD_3XK,2024-03-19 04:29:38,https://www.reddit.com/r/dataengineering/comments/1bibu4z/any_messy_datasets_for_pyspark_practice/,False,False,False,False
1bi9yt8,How do you find contracting jobs? [senior DE],2,10,elephantail,2024-03-19 02:52:17,https://www.reddit.com/r/dataengineering/comments/1bi9yt8/how_do_you_find_contracting_jobs_senior_de/,False,False,False,False
1bi1qnn,Athena Partitions and .parquet schema,2,1,josejo9423,2024-03-18 20:58:07,https://www.reddit.com/r/dataengineering/comments/1bi1qnn/athena_partitions_and_parquet_schema/,False,False,False,False
1bhsa88,Is it possible to use DataHub as UI for OpenLineage backend?,2,1,nhawlao,2024-03-18 14:37:39,https://www.reddit.com/r/dataengineering/comments/1bhsa88/is_it_possible_to_use_datahub_as_ui_for/,False,False,False,False
1bigye8,Recommendations for which Data Msc in UK? Planning to move to Germany and a qualification would help.,1,1,Material_Direction_1,2024-03-19 10:23:30,https://www.reddit.com/r/dataengineering/comments/1bigye8/recommendations_for_which_data_msc_in_uk_planning/,False,False,False,False
1big8k5,Turning sql pipeline into flowchart,1,5,Esteban_Rdz,2024-03-19 09:33:46,https://www.reddit.com/r/dataengineering/comments/1big8k5/turning_sql_pipeline_into_flowchart/,False,False,False,False
1big613,Enhancing Data Operations: Streamlining Processes and Implementing Innovations,1,0,CapLevi_1,2024-03-19 09:28:38,https://www.reddit.com/r/dataengineering/comments/1big613/enhancing_data_operations_streamlining_processes/,False,False,False,False
1bidrvp,Godel Grid Connect platform,1,1,Mediocre-Focus-3042,2024-03-19 06:32:10,https://www.reddit.com/r/dataengineering/comments/1bidrvp/godel_grid_connect_platform/,False,False,False,False
1bidc92,Data purging strategy,1,0,Upper-Lifeguard-8478,2024-03-19 06:02:35,https://www.reddit.com/r/dataengineering/comments/1bidc92/data_purging_strategy/,False,False,False,False
1bi30ja,Seeking advice from my veteran brothers,1,1,Southern-Pilot-804,2024-03-18 21:47:39,https://www.reddit.com/r/dataengineering/comments/1bi30ja/seeking_advice_from_my_veteran_brothers/,False,False,False,False
1bi1uwp,Denormalize Tables into CSV?,1,9,Phantazein,2024-03-18 21:02:26,https://www.reddit.com/r/dataengineering/comments/1bi1uwp/denormalize_tables_into_csv/,False,False,False,False
1bhvpyv,Photon alternatives? I need something open source,1,3,Stunning_Wolf_4595,2024-03-18 16:59:41,https://www.reddit.com/r/dataengineering/comments/1bhvpyv/photon_alternatives_i_need_something_open_source/,False,False,False,False
1bhumcc,Help needed on Delta Live Table ,1,1,voucherwolves,2024-03-18 16:15:00,https://www.reddit.com/r/dataengineering/comments/1bhumcc/help_needed_on_delta_live_table/,False,False,False,False
1bihhh1,Power Bi datasets into Palantir foundry,0,0,Beastf5,2024-03-19 10:58:12,https://www.reddit.com/r/dataengineering/comments/1bihhh1/power_bi_datasets_into_palantir_foundry/,False,False,False,False
1bie31o,Airbyte connection issues with SFTP server,0,0,Liily_07,2024-03-19 06:54:30,https://www.reddit.com/r/dataengineering/comments/1bie31o/airbyte_connection_issues_with_sftp_server/,False,False,False,False
1bi8aot,HS Code Classification Help,0,1,SuntukanAwayGulo,2024-03-19 01:31:56,https://www.reddit.com/r/dataengineering/comments/1bi8aot/hs_code_classification_help/,False,False,False,False
1bi1mny,"What is the most effective way to create, implement, validate, and document logging specifications?",0,3,sharpchicity,2024-03-18 20:53:58,https://www.reddit.com/r/dataengineering/comments/1bi1mny/what_is_the_most_effective_way_to_create/,False,False,False,False
1bhxugv,Fivetran lever connector initial sync taking too long,0,0,Interesting-Fee-2836,2024-03-18 18:24:27,https://www.reddit.com/r/dataengineering/comments/1bhxugv/fivetran_lever_connector_initial_sync_taking_too/,False,False,False,False
1bhwf27,About Meltano,0,6,Ruyia31,2024-03-18 17:27:28,https://www.reddit.com/r/dataengineering/comments/1bhwf27/about_meltano/,False,False,False,False
1bif7cy,Need Help in choosing certification for DATA Engineering Role,0,6,Aggravating_Extent29,2024-03-19 08:15:49,https://www.reddit.com/r/dataengineering/comments/1bif7cy/need_help_in_choosing_certification_for_data/,False,False,False,False
